,ktp,gqg,eae,gtech,gnph,gcore,plus,cash,kfa,ugi,healthcare,prop,sp500
1970-01-01 00:00:00.000000000,10.0001,9.9998,9.7963,9.9999,9.9982,10.0015,10.0004,9.9996,10.0002,9.9999,9.9996,9.8842,25.5962
1970-01-01 00:00:00.000000001,10.0566,9.9358,9.8783,10.0269,9.9823,10.0283,10.0014,10.0006,10.0029,10.0164,9.9985,9.8728,25.7172
1970-01-01 00:00:00.000000002,10.0326,9.7856,9.8925,10.0556,9.9385,10.001,10.0015,10.0021,10.0038,10.0204,9.9927,9.9392,25.783
1970-01-01 00:00:00.000000003,10.0428,9.7245,9.9129,10.0586,9.9224,10.04,10.002,10.0025,10.0017,10.0157,9.9328,10.0106,25.6018
1970-01-01 00:00:00.000000004,10.0253,9.7516,9.8272,10.0772,10.0227,9.9711,10.0032,10.0032,9.9943,9.9409,9.7721,9.9991,25.3202
1970-01-01 00:00:00.000000005,10.0108,9.8585,9.8314,10.0163,10.1013,10.0056,10.0036,10.0036,9.9998,9.9648,9.9472,9.9763,25.3625
1970-01-01 00:00:00.000000006,10.1316,9.7847,9.7181,10.1309,10.1228,9.9698,10.0041,10.0038,10.003,10.0262,9.9153,9.9909,25.5641
1970-01-01 00:00:00.000000007,10.2114,9.7779,9.7738,10.051,10.1999,9.8002,10.0045,10.0046,10.0063,10.0212,9.7927,10.0074,25.7874
1970-01-01 00:00:00.000000008,10.4332,9.8308,9.7522,9.8427,10.1553,9.5842,10.0049,10.005,10.0075,9.9964,9.708,10.0596,25.8097
1970-01-01 00:00:00.000000009,10.6426,9.8334,9.7771,9.5354,10.1406,9.5623,10.0065,10.0049,10.0074,10.0037,9.7132,10.0937,25.8521
1970-01-01 00:00:00.000000010,10.6646,9.8883,9.6718,9.372,10.1742,9.4816,10.0069,10.007,10.0065,10.0053,9.8622,10.1522,25.7017
1970-01-01 00:00:00.000000011,10.5322,9.9535,9.7724,9.3817,10.188,9.6798,10.0073,10.0079,10.0069,9.9845,10.043,10.1979,25.9245
1970-01-01 00:00:00.000000012,10.4677,10.0033,9.873,9.0826,10.188,9.7148,10.0089,10.0086,10.0083,9.9448,9.9626,10.2082,26.0264
1970-01-01 00:00:00.000000013,10.5286,10.0357,9.966,9.1625,10.1868,9.7053,10.0097,10.009,10.0025,9.9483,9.8765,10.2508,25.9867
1970-01-01 00:00:00.000000014,10.5632,10.0609,10.0759,9.4109,10.1831,9.5358,10.01,10.0095,9.9932,9.9019,9.9509,10.2082,26.0026
1970-01-01 00:00:00.000000015,10.5349,9.9509,9.9787,9.2021,10.1461,9.5355,10.01,10.0109,9.9873,9.8269,9.9828,10.2238,26.0837
1970-01-01 00:00:00.000000016,10.4034,10.006,10.0169,9.4242,10.0453,9.4973,10.0103,10.0118,9.9916,9.8792,10.1314,10.2001,26.0787
1970-01-01 00:00:00.000000017,10.443,10.0734,10.0198,9.2689,10.0952,9.6451,10.0114,10.0115,9.9896,9.9284,10.1387,10.1945,26.0688
1970-01-01 00:00:00.000000018,10.4683,10.1271,10.0806,9.0997,10.0436,9.5976,10.0122,10.0126,9.993,9.8398,10.1355,10.2155,25.988
1970-01-01 00:00:00.000000019,10.5133,10.1499,10.0318,8.5587,10.0638,9.6795,10.0127,10.0132,9.9891,9.8363,10.148,10.2782,25.9588
1970-01-01 00:00:00.000000020,10.3428,10.1788,9.9854,8.8719,9.8731,9.7055,10.0131,10.0156,9.9904,9.8316,10.1481,10.295,25.8402
1970-01-01 00:00:00.000000021,10.4711,10.1738,10.0165,8.5489,9.8796,9.6393,10.0137,10.0157,9.9921,9.7919,10.0833,10.3238,25.6438
1970-01-01 00:00:00.000000022,10.494,10.1811,10.0667,7.9729,9.7923,9.6345,10.0152,10.0159,9.9943,9.785,9.8028,10.2825,25.7061
1970-01-01 00:00:00.000000023,10.448,10.1264,10.1281,8.395,9.8268,9.589,10.0158,10.016,9.9938,9.8196,9.8485,10.1854,25.5697
1970-01-01 00:00:00.000000024,10.5666,10.0287,10.2122,7.631,9.9198,9.4976,10.016,10.0166,9.9911,9.6537,9.7177,10.1929,25.7808
1970-01-01 00:00:00.000000025,10.6617,10.0818,10.2426,7.7614,9.8814,9.6443,10.0166,10.0188,9.9947,9.5888,9.4557,10.1334,25.7389
1970-01-01 00:00:00.000000026,10.6286,10.1449,10.2866,7.8451,9.8524,9.6808,10.0171,10.0202,9.9947,9.6223,9.3197,10.0596,25.4964
1970-01-01 00:00:00.000000027,10.4722,10.3123,10.3238,7.7276,9.9147,9.6793,10.0191,10.0208,9.9909,9.6356,9.0847,10.0433,25.0632
1970-01-01 00:00:00.000000028,10.3409,10.3214,10.2083,7.7833,9.9853,9.613,10.0196,10.0229,9.9872,9.6325,9.2094,9.9948,25.0489
1970-01-01 00:00:00.000000029,10.1577,10.2924,9.8764,8.3166,10.0979,9.6562,10.02,10.0241,9.9826,9.5574,8.8588,10.0198,25.2984
1970-01-01 00:00:00.000000030,10.1017,10.2838,10.0028,8.2748,10.1334,9.7929,10.0205,10.0238,9.9818,9.5909,9.0854,10.07,25.5961
1970-01-01 00:00:00.000000031,10.2329,10.2741,10.0106,8.616,10.0318,9.8133,10.022,10.0239,9.982,9.5633,8.9532,10.1228,25.5724
1970-01-01 00:00:00.000000032,10.3898,10.4173,10.0674,8.3942,10.1256,9.8107,10.0225,10.0247,9.9862,9.5499,8.9463,10.2081,25.0671
1970-01-01 00:00:00.000000033,10.3255,10.4264,10.108,8.5724,10.1541,9.7445,10.023,10.0261,9.9903,9.5221,8.8501,10.2436,25.112
1970-01-01 00:00:00.000000034,10.1688,10.4529,10.1211,8.4916,10.1292,9.7993,10.0234,10.0264,9.9901,9.6096,8.9486,10.2215,24.8018
1970-01-01 00:00:00.000000035,10.0505,10.4756,10.1188,8.2015,10.1638,9.861,10.0239,10.0272,9.9835,9.6347,8.887,10.1156,25.0768
1970-01-01 00:00:00.000000036,10.0267,10.4768,10.092,8.2539,10.1921,9.8872,10.0253,10.0284,9.978,9.4976,9.0136,10.0993,24.749
1970-01-01 00:00:00.000000037,10.0859,10.4868,10.0678,8.1606,10.141,9.8513,10.0257,10.0282,9.978,9.4806,8.9461,10.1579,25.0099
1970-01-01 00:00:00.000000038,10.0176,10.5038,9.9876,8.6219,10.1925,9.86,10.0262,10.0299,9.9769,9.5921,8.9532,10.2432,25.1225
1970-01-01 00:00:00.000000039,9.8203,10.4456,10.0265,8.804,10.1619,9.8693,10.0266,10.0301,9.9777,9.5646,8.7665,10.287,25.3265
1970-01-01 00:00:00.000000040,9.6993,10.5363,10.1196,8.8158,10.2137,9.9358,10.0271,10.0309,9.9714,9.5126,8.532,10.2861,25.291
1970-01-01 00:00:00.000000041,9.7162,10.5036,10.0964,9.2073,10.3282,9.9436,10.0286,10.0312,9.9682,9.5548,8.6505,10.2697,25.1004
1970-01-01 00:00:00.000000042,9.6769,10.4173,10.0745,9.1423,10.2402,9.8582,10.0291,10.0317,9.9651,9.4583,8.6804,10.1835,25.0293
1970-01-01 00:00:00.000000043,9.8819,10.4362,10.0619,9.3046,10.133,9.9146,10.0296,10.0336,9.9675,9.4391,8.5243,10.2204,25.5402
1970-01-01 00:00:00.000000044,9.72,10.4724,10.0299,9.3842,10.1249,9.7485,10.03,10.0341,9.9708,9.4524,8.55,10.2092,25.739
1970-01-01 00:00:00.000000045,9.816,10.3827,10.0093,9.3797,10.1314,9.8037,10.0306,10.0348,9.978,9.4538,8.5245,10.2629,25.8206
1970-01-01 00:00:00.000000046,9.7302,10.3185,9.953,9.0539,10.1535,9.7943,10.0321,10.0358,9.9869,9.4279,8.2809,10.2507,26.0129
1970-01-01 00:00:00.000000047,9.9426,10.2736,9.9486,9.2903,10.1662,9.7829,10.0327,10.0365,10.0061,9.4034,8.0198,10.1425,26.1187
1970-01-01 00:00:00.000000048,9.934,10.2584,9.9969,9.2549,10.2292,9.8202,10.0333,10.0378,10.0142,9.3879,8.0656,10.037,26.1867
1970-01-01 00:00:00.000000049,10.1982,10.3966,9.8503,9.3288,10.2345,9.5479,10.0339,10.039,10.0027,9.3582,8.1315,10.0532,26.2747
1970-01-01 00:00:00.000000050,10.2026,10.4449,9.8626,9.4145,10.2124,9.5259,10.0344,10.0413,9.9966,9.2909,8.0209,10.0905,26.3062
1970-01-01 00:00:00.000000051,10.1681,10.4013,9.9458,9.2861,10.0893,9.6149,10.036,10.0416,9.9937,9.259,8.2195,10.0088,26.196
1970-01-01 00:00:00.000000052,10.3046,10.3173,9.8756,9.5707,10.0658,9.6602,10.0366,10.0419,10.0001,9.2214,8.2228,10.0567,26.4479
1970-01-01 00:00:00.000000053,10.1172,10.3633,9.8604,9.563,9.9548,9.5678,10.0372,10.0438,10.0016,9.1529,8.3978,10.0931,26.4938
1970-01-01 00:00:00.000000054,10.1029,10.3779,9.8788,9.5124,9.9748,9.5944,10.0378,10.044,10.0122,9.2696,8.5822,10.1303,26.5528
1970-01-01 00:00:00.000000055,10.0876,10.4578,9.8871,9.8173,10.0212,9.6677,10.0384,10.0457,10.0098,9.3113,8.5037,10.1071,26.6527
1970-01-01 00:00:00.000000056,10.1282,10.4313,9.9509,10.0396,10.0731,9.8038,10.0399,10.0456,10.0075,9.3774,8.5009,10.1286,26.8187
1970-01-01 00:00:00.000000057,10.2059,10.5211,9.8894,9.9204,10.1096,9.802,10.0405,10.0474,10.0103,9.3283,8.4489,10.1282,26.9475
1970-01-01 00:00:00.000000058,10.2892,10.5332,9.9066,9.8172,10.0797,9.8172,10.0411,10.0479,10.0145,9.4289,8.47,10.1283,27.0367
1970-01-01 00:00:00.000000059,10.3365,10.4665,9.9026,9.8253,10.1499,9.8811,10.0417,10.0476,10.013,9.4444,8.5464,10.2127,27.0469
1970-01-01 00:00:00.000000060,10.4106,10.4522,9.8956,9.8867,10.2597,9.8447,10.0419,10.0478,10.0139,9.4416,8.5719,10.2263,26.9426
1970-01-01 00:00:00.000000061,10.2181,10.4215,9.8991,9.9867,10.2665,9.8699,10.0436,10.0504,10.0186,9.4717,8.358,10.2002,26.7356
1970-01-01 00:00:00.000000062,10.258,10.1723,9.8883,10.0564,10.3332,9.926,10.0442,10.0531,10.0193,9.405,8.5203,10.2496,26.7513
1970-01-01 00:00:00.000000063,10.0921,10.1928,9.8513,10.2589,10.2879,9.9152,10.0453,10.0529,10.0165,9.4127,8.585,10.2313,26.939
1970-01-01 00:00:00.000000064,10.2556,10.2702,9.8564,10.1553,10.244,9.9137,10.0458,10.0553,10.014,9.3973,8.5119,10.1541,26.9419
1970-01-01 00:00:00.000000065,10.3407,10.2688,9.8489,10.1739,10.1697,10.0062,10.0475,10.0558,10.015,9.3778,8.4972,10.1292,27.0422
1970-01-01 00:00:00.000000066,10.4954,10.1953,10.0046,10.1767,10.0521,10.0338,10.048,10.0562,10.0174,9.358,8.6368,10.1521,26.9821
1970-01-01 00:00:00.000000067,10.4654,10.1778,10.1517,10.1362,9.999,9.9874,10.0485,10.0579,10.0189,9.3914,8.4489,10.1982,27.0599
1970-01-01 00:00:00.000000068,10.3967,10.0197,10.2343,10.1375,9.9904,9.9857,10.049,10.0586,10.0202,9.4062,8.4298,10.3049,27.0204
1970-01-01 00:00:00.000000069,10.4655,10.0911,10.3006,10.275,10.0086,9.9845,10.0494,10.0591,10.0254,9.4385,8.3907,10.2788,26.9481
1970-01-01 00:00:00.000000070,10.4145,10.2657,10.2963,10.4489,10.0293,10.1419,10.0511,10.0598,10.0286,9.47,8.6098,10.332,26.9888
1970-01-01 00:00:00.000000071,10.2384,10.3763,10.3098,10.3768,10.0422,10.1329,10.0516,10.0607,10.0352,9.4597,8.654,10.4132,27.0666
1970-01-01 00:00:00.000000072,10.076,10.4146,10.3622,10.5002,10.0884,10.1102,10.0521,10.0626,10.0413,9.4597,8.3398,10.4401,27.0702
1970-01-01 00:00:00.000000073,9.7192,10.411,10.3693,10.5261,10.1149,10.1562,10.0527,10.0623,10.038,9.4168,8.2825,10.4383,26.4708
1970-01-01 00:00:00.000000074,9.8095,10.5033,10.3523,10.6058,10.0439,10.0925,10.0532,10.0631,10.0438,9.4219,8.1341,10.438,26.8079
1970-01-01 00:00:00.000000075,9.7675,10.4943,10.3587,10.7235,10.0919,10.1195,10.0546,10.0638,10.0388,9.4505,8.2712,10.4534,26.2975
1970-01-01 00:00:00.000000076,9.5326,10.5408,10.3298,10.3145,10.1308,10.1568,10.055,10.0646,10.0387,9.4411,8.3394,10.4706,25.988
1970-01-01 00:00:00.000000077,9.4253,10.5049,10.3236,10.3697,10.2136,10.1179,10.0556,10.0661,10.0394,9.4024,8.4836,10.4658,26.3818
1970-01-01 00:00:00.000000078,9.4639,10.522,10.3402,10.4447,10.2196,10.1265,10.0562,10.0666,10.0416,9.532,8.3633,10.43,26.1492
1970-01-01 00:00:00.000000079,9.6496,10.5175,10.32,10.6415,10.1985,10.1811,10.0567,10.0673,10.0438,9.6235,8.3674,10.4485,27.0073
1970-01-01 00:00:00.000000080,9.8805,10.4972,10.3307,10.6969,10.2193,10.1982,10.0582,10.0684,10.0455,9.6091,8.357,10.4505,27.0718
1970-01-01 00:00:00.000000081,9.8984,10.3631,10.3593,10.7525,10.2333,10.2146,10.0587,10.0689,10.0446,9.7243,8.3633,10.4754,26.8972
1970-01-01 00:00:00.000000082,10.1154,10.4788,10.3338,10.7425,10.2386,10.1948,10.0592,10.0709,10.0451,9.7237,8.5045,10.3944,26.9003
1970-01-01 00:00:00.000000083,10.1641,10.5959,10.3404,10.9107,10.1792,10.1488,10.0597,10.0715,10.0457,9.784,8.4818,10.4093,26.7083
1970-01-01 00:00:00.000000084,10.1576,10.7011,10.3994,11.0209,10.2047,10.1574,10.0601,10.0728,10.0519,9.7229,8.5294,10.4839,27.1279
1970-01-01 00:00:00.000000085,10.0047,10.6526,10.4151,10.83,10.156,10.2023,10.0614,10.0735,10.0551,9.7556,8.6498,10.5076,26.88
1970-01-01 00:00:00.000000086,9.9971,10.6361,10.3287,10.9285,10.1409,10.2557,10.0618,10.0753,10.0526,9.686,8.7396,10.5586,26.6117
1970-01-01 00:00:00.000000087,10.1703,10.7269,10.2349,10.7474,9.9913,10.2928,10.0623,10.0761,10.0463,9.7138,8.5932,10.5608,26.3057
1970-01-01 00:00:00.000000088,10.2109,10.6207,10.1613,10.7465,9.899,10.292,10.0627,10.0769,10.045,9.6978,8.847,10.7019,26.7749
1970-01-01 00:00:00.000000089,10.1802,10.6062,10.2236,10.9261,9.8275,10.282,10.0632,10.0779,10.0449,9.6932,8.7772,10.7593,27.0433
1970-01-01 00:00:00.000000090,10.1865,10.729,10.3013,11.0399,9.8184,10.2273,10.0646,10.0791,10.0467,9.7561,8.6824,10.8289,27.1968
1970-01-01 00:00:00.000000091,10.5208,10.6551,10.2541,11.0937,9.5275,10.083,10.065,10.0811,10.0444,9.7909,8.6944,10.9312,27.191
1970-01-01 00:00:00.000000092,10.5773,10.6203,10.2301,11.2847,9.375,10.2101,10.0659,10.0815,10.0424,9.754,8.9323,10.9319,27.5662
1970-01-01 00:00:00.000000093,10.7237,10.6818,10.286,11.5071,9.5316,10.274,10.0665,10.0831,10.0406,9.7612,8.9352,10.9041,27.5399
1970-01-01 00:00:00.000000094,10.5275,10.7261,10.3859,11.6319,9.6501,10.2638,10.068,10.0834,10.0417,9.7249,8.9562,10.8678,27.5834
1970-01-01 00:00:00.000000095,10.2931,10.7444,10.4196,11.6169,9.6467,10.254,10.0685,10.0866,10.0464,9.7275,9.0549,10.9155,27.502
1970-01-01 00:00:00.000000096,10.2087,10.6583,10.4596,11.3428,9.4889,10.3132,10.0713,10.0873,10.0457,9.6938,9.1006,10.9234,27.5787
1970-01-01 00:00:00.000000097,10.2085,10.452,10.4988,11.373,9.4665,10.3499,10.0718,10.088,10.0459,9.6106,9.0667,10.721,27.0467
1970-01-01 00:00:00.000000098,10.4099,10.1302,10.5123,11.4251,9.4723,10.4022,10.0723,10.0901,10.0487,9.6044,9.0143,10.4767,27.0331
1970-01-01 00:00:00.000000099,10.5523,9.7408,10.4767,11.2745,9.1304,10.3839,10.0728,10.0902,10.0492,9.5758,9.0092,10.3589,26.9305
1970-01-01 00:00:00.000000100,10.574,9.7363,10.5036,11.331,9.2283,10.4009,10.0734,10.0909,10.0536,9.6284,8.9846,9.9921,26.8796
1970-01-01 00:00:00.000000101,10.4132,9.9968,10.503,11.6433,9.107,10.3906,10.0748,10.0909,10.0536,9.6161,8.8373,9.7838,27.1319
1970-01-01 00:00:00.000000102,10.2893,10.2045,10.5392,11.6028,9.014,10.4417,10.0753,10.0912,10.0561,9.6652,8.7954,9.9943,27.2033
1970-01-01 00:00:00.000000103,10.4364,10.25,10.4706,11.6274,9.0732,10.4488,10.0758,10.0927,10.0558,9.6201,8.6462,10.0681,26.8345
1970-01-01 00:00:00.000000104,10.4502,10.151,10.4695,11.4274,9.2582,10.4489,10.0762,10.0935,10.0546,9.6729,8.709,10.4152,26.8442
1970-01-01 00:00:00.000000105,10.4964,9.8497,10.4707,11.3763,9.4158,10.4483,10.0768,10.0956,10.0609,9.6807,8.786,10.3298,26.8357
1970-01-01 00:00:00.000000106,10.0255,10.0016,10.5435,11.6293,9.3962,10.4493,10.079,10.0972,10.0621,9.5646,8.6511,10.1164,26.3711
1970-01-01 00:00:00.000000107,9.9629,10.0497,10.5527,11.6811,9.4368,10.4922,10.0795,10.0994,10.0644,9.5592,8.5423,9.4324,26.104
1970-01-01 00:00:00.000000108,9.7242,9.8846,10.6277,11.7947,9.5832,10.4463,10.0806,10.1002,10.0674,9.573,8.59,9.6577,25.8109
1970-01-01 00:00:00.000000109,9.8085,9.9116,10.6165,12.0535,9.5534,10.5255,10.0819,10.1007,10.069,9.629,8.7706,9.1913,25.3182
1970-01-01 00:00:00.000000110,9.7778,10.172,10.5664,12.1347,9.4344,10.4552,10.0825,10.1014,10.0768,9.6912,8.7156,8.3199,25.4038
1970-01-01 00:00:00.000000111,9.5795,10.1297,10.5881,12.2241,9.2499,10.4086,10.0838,10.1029,10.0745,9.7341,8.7767,8.7638,25.1125
1970-01-01 00:00:00.000000112,9.4758,10.1795,10.6058,11.9896,9.2624,10.4511,10.0836,10.1033,10.0742,9.6839,8.6924,7.3853,25.0561
1970-01-01 00:00:00.000000113,9.3806,10.2027,10.6624,11.8617,9.2187,10.4969,10.0842,10.1041,10.0771,9.7133,8.8172,7.6281,24.9373
1970-01-01 00:00:00.000000114,9.4569,10.1436,10.6101,11.7005,9.2891,10.5765,10.0859,10.1046,10.0757,9.6557,8.9827,6.9852,25.5427
1970-01-01 00:00:00.000000115,9.5093,10.2265,10.621,11.9408,9.2963,10.5926,10.0865,10.1059,10.0771,9.691,9.0416,6.8759,25.9946
1970-01-01 00:00:00.000000116,9.6052,10.3366,10.5831,11.9027,9.1656,10.573,10.087,10.1065,10.079,9.6794,9.0171,6.8957,26.1632
1970-01-01 00:00:00.000000117,9.5105,10.3173,10.5555,11.9834,9.0133,10.5918,10.0876,10.1071,10.0855,9.7663,9.0743,6.6735,26.4075
1970-01-01 00:00:00.000000118,9.6139,10.1733,10.4685,12.0589,9.076,10.6259,10.0882,10.1069,10.0867,9.7386,9.0862,7.31,25.8072
1970-01-01 00:00:00.000000119,9.661,10.2372,10.4107,11.9992,9.0289,10.6537,10.0903,10.1076,10.0878,9.7044,9.1482,7.6955,25.9293
1970-01-01 00:00:00.000000120,9.7086,10.1132,10.3396,12.0921,9.1547,10.7081,10.0909,10.1088,10.0868,9.6179,9.2088,8.0367,25.8393
1970-01-01 00:00:00.000000121,9.835,10.1273,10.3433,12.177,9.1482,10.7053,10.0914,10.109,10.0863,9.547,9.3591,7.9933,26.0334
1970-01-01 00:00:00.000000122,9.8364,10.0801,10.4299,12.2693,9.321,10.6877,10.0919,10.1104,10.0849,9.5914,9.2999,8.0564,26.4039
1970-01-01 00:00:00.000000123,9.9515,10.1062,10.4022,12.3837,9.3259,10.7218,10.0932,10.113,10.0864,9.5063,9.3259,8.0579,25.9456
1970-01-01 00:00:00.000000124,9.8275,9.8765,10.4765,12.7369,9.3459,10.6441,10.0937,10.1132,10.0847,9.5474,9.3254,7.5996,25.4593
1970-01-01 00:00:00.000000125,9.6924,9.8677,10.5111,12.6451,9.5138,10.7077,10.0941,10.1151,10.0874,9.6235,9.3351,7.6575,25.3775
1970-01-01 00:00:00.000000126,9.6631,10.0286,10.5265,12.6947,9.2975,10.4301,10.0947,10.1156,10.0915,9.5627,9.2737,7.4568,25.7611
1970-01-01 00:00:00.000000127,9.5133,10.0828,10.4942,12.9986,9.167,10.4681,10.0952,10.1162,10.0944,9.5784,9.1337,8.0294,25.2612
1970-01-01 00:00:00.000000128,9.511,10.2266,10.4468,13.1005,9.0509,10.5319,10.097,10.1177,10.0943,9.5592,9.0094,8.3254,25.0934
1970-01-01 00:00:00.000000129,9.3473,10.3683,10.5871,12.5209,9.0411,10.4616,10.0975,10.1181,10.0947,9.6679,8.9869,8.6614,25.0894
1970-01-01 00:00:00.000000130,9.482,10.3082,10.6553,11.9143,9.1684,10.47,10.098,10.1187,10.0947,9.6323,8.947,8.657,24.8326
1970-01-01 00:00:00.000000131,9.3775,10.3192,10.72,12.1191,9.1509,10.4586,10.0986,10.1186,10.0973,9.5897,8.9338,8.4268,24.397
1970-01-01 00:00:00.000000132,9.2376,10.397,10.8026,11.9766,9.0078,10.5807,10.0991,10.1195,10.0964,9.6497,8.8154,8.6051,24.768
1970-01-01 00:00:00.000000133,9.3442,10.3409,10.7587,11.902,8.8749,10.6919,10.1009,10.1208,10.0963,9.5913,8.8968,8.3314,25.2996
1970-01-01 00:00:00.000000134,9.28,10.3161,10.723,12.0567,8.8666,10.7571,10.1015,10.1208,10.098,9.6739,8.8325,8.2773,25.2517
1970-01-01 00:00:00.000000135,9.0783,10.2923,10.6668,12.1872,8.7856,10.6972,10.1021,10.1216,10.1007,9.7034,8.8578,8.4993,24.8687
1970-01-01 00:00:00.000000136,9.0929,10.2422,10.6797,12.077,8.6626,10.8159,10.1026,10.1229,10.1047,9.6582,8.9961,8.2687,25.3069
1970-01-01 00:00:00.000000137,9.1166,10.3515,10.5941,11.9477,8.5255,10.8677,10.1033,10.1232,10.1081,9.6323,8.6408,8.0837,25.1864
1970-01-01 00:00:00.000000138,9.3808,10.4325,10.6382,11.9118,8.6753,10.8468,10.1049,10.1245,10.1101,9.6276,8.4612,8.1834,24.9806
1970-01-01 00:00:00.000000139,9.438,10.4715,10.5445,11.9888,8.7315,10.8846,10.1055,10.1252,10.1077,9.6364,8.7263,8.1921,24.2753
1970-01-01 00:00:00.000000140,9.3016,10.4622,10.5596,12.1062,8.7619,10.8853,10.1062,10.1255,10.108,9.6329,8.8869,8.236,24.1033
1970-01-01 00:00:00.000000141,9.1895,10.4045,10.6372,11.8816,8.5888,10.8754,10.1067,10.1258,10.1091,9.6553,8.9496,8.4634,24.7435
1970-01-01 00:00:00.000000142,9.1491,10.5164,10.6944,11.8383,8.8255,10.9199,10.107,10.126,10.1104,9.6263,9.0236,8.5161,24.6346
1970-01-01 00:00:00.000000143,9.275,10.6852,10.7019,12.0248,8.9152,10.9227,10.1084,10.1272,10.1124,9.696,8.9738,8.6739,24.3442
1970-01-01 00:00:00.000000144,9.4787,10.6507,10.6513,12.1971,8.9932,10.7752,10.1088,10.1278,10.1173,9.7167,9.0792,8.604,24.1678
1970-01-01 00:00:00.000000145,9.5274,10.7609,10.7117,12.2465,9.1034,10.4108,10.1095,10.1283,10.1208,9.7755,9.0975,8.408,24.7079
1970-01-01 00:00:00.000000146,9.4245,10.7276,10.6741,12.3001,9.1146,10.3437,10.11,10.1283,10.1184,9.8656,9.2052,8.4225,25.2461
1970-01-01 00:00:00.000000147,9.5962,10.6741,10.724,12.4644,9.114,10.1435,10.112,10.1292,10.1198,9.8905,9.2044,8.582,25.5475
1970-01-01 00:00:00.000000148,9.6854,10.7699,10.6985,12.2618,9.0501,9.7907,10.1125,10.1303,10.1257,9.7744,9.2337,8.5423,25.8209
1970-01-01 00:00:00.000000149,9.6684,10.7539,10.6277,12.4633,9.1602,9.3324,10.113,10.1311,10.13,9.7032,9.1909,8.2491,25.8138
1970-01-01 00:00:00.000000150,9.6209,10.7376,10.5738,12.3725,9.1556,9.5396,10.1135,10.1319,10.1339,9.7305,9.204,8.1334,26.1402
1970-01-01 00:00:00.000000151,9.5163,10.7514,10.5191,12.5698,9.2103,9.8511,10.1118,10.1331,10.1377,9.7067,9.2141,8.0921,25.8232
1970-01-01 00:00:00.000000152,9.6108,10.7325,10.4548,12.6014,9.2852,9.7733,10.112,10.1342,10.1431,9.7826,9.3196,8.0812,26.1892
1970-01-01 00:00:00.000000153,9.859,10.6723,10.6216,12.7843,9.2066,9.7661,10.1126,10.1344,10.1425,9.7541,9.3669,8.4367,26.314
1970-01-01 00:00:00.000000154,9.8467,10.6798,10.7045,13.0375,9.1777,9.4715,10.1131,10.135,10.1433,9.7454,9.3934,8.3661,26.5085
1970-01-01 00:00:00.000000155,10.0287,10.6795,10.6351,12.9436,9.2184,8.9961,10.1137,10.1355,10.1416,9.7464,9.3975,8.433,26.8365
1970-01-01 00:00:00.000000156,9.9321,10.5777,10.7259,12.9285,9.3065,8.9968,10.1119,10.1363,10.1456,9.7009,9.4103,8.4117,26.6572
1970-01-01 00:00:00.000000157,9.9758,10.4484,10.8179,12.8431,9.2198,8.9041,10.1156,10.1373,10.1495,9.7207,9.4798,8.4072,26.2436
1970-01-01 00:00:00.000000158,9.9412,10.5545,10.7964,12.8597,9.2126,8.168,10.1159,10.1382,10.1517,9.7054,9.4974,8.4077,26.3067
1970-01-01 00:00:00.000000159,10.0249,10.613,10.8172,12.8727,9.3415,8.0516,10.1163,10.1387,10.1516,9.7381,9.5394,8.6759,26.5314
1970-01-01 00:00:00.000000160,9.9934,10.723,10.7333,12.8401,9.4257,7.7262,10.1168,10.1394,10.1531,9.7628,9.5756,8.7062,26.194
1970-01-01 00:00:00.000000161,9.9921,10.7137,10.7717,12.818,9.4341,7.4886,10.1188,10.1401,10.1515,9.7888,9.5479,8.7322,26.0695
1970-01-01 00:00:00.000000162,9.851,10.7649,10.6859,12.4976,9.467,7.2226,10.1191,10.1415,10.1568,9.7737,9.6018,8.7364,26.0058
1970-01-01 00:00:00.000000163,9.7416,10.7656,10.5702,12.6279,9.5343,7.1985,10.1197,10.142,10.1608,9.8072,9.5852,8.8728,25.5525
1970-01-01 00:00:00.000000164,9.6469,10.7005,10.5437,12.3431,9.5048,7.5053,10.1203,10.1421,10.1626,9.7917,9.5773,9.0077,25.4605
1970-01-01 00:00:00.000000165,9.6423,10.7355,10.5977,12.3665,9.408,6.9631,10.1207,10.1422,10.1667,9.7667,9.4923,9.1577,25.4357
1970-01-01 00:00:00.000000166,9.7455,10.746,10.5059,12.4614,9.3885,7.3705,10.1223,10.1439,10.1684,9.8137,9.5107,9.3827,25.8451
1970-01-01 00:00:00.000000167,9.7689,10.7881,10.4344,12.9341,9.4059,7.6276,10.123,10.1443,10.1637,9.8859,9.3734,9.4707,25.8248
1970-01-01 00:00:00.000000168,9.3138,10.752,10.467,13.2658,9.5212,7.926,10.1235,10.1449,10.1594,9.8923,9.4424,9.4061,25.4491
1970-01-01 00:00:00.000000169,9.105,10.8707,10.485,13.3609,9.5407,7.8553,10.1241,10.1454,10.1596,9.9454,9.4975,9.2968,24.7319
1970-01-01 00:00:00.000000170,9.021,10.8146,10.5353,13.0194,9.5403,7.9426,10.1247,10.1458,10.163,9.876,9.4256,8.8651,24.8838
1970-01-01 00:00:00.000000171,9.2905,10.6689,10.5802,12.667,9.5926,8.0481,10.1266,10.1476,10.1658,9.8939,9.421,9.1194,24.1407
1970-01-01 00:00:00.000000172,9.5026,10.8343,10.5937,12.8309,9.6458,7.7634,10.1272,10.1479,10.1662,9.842,9.4481,9.1865,24.2114
1970-01-01 00:00:00.000000173,9.5745,10.7506,10.7571,12.8998,9.6256,7.6546,10.1279,10.1482,10.168,9.6966,9.425,9.3117,24.8325
1970-01-01 00:00:00.000000174,9.6541,10.6489,10.7698,12.9975,9.69,7.7581,10.1285,10.1498,10.1662,9.4803,9.5268,9.2819,23.8923
1970-01-01 00:00:00.000000175,9.6245,10.4669,10.7776,12.9841,9.729,8.4441,10.131,10.1503,10.1686,9.5032,9.5565,9.2541,24.1584
1970-01-01 00:00:00.000000176,9.7262,10.4977,10.7673,12.9474,9.7282,8.2457,10.1316,10.1508,10.1725,9.5208,9.3408,9.1112,23.9861
1970-01-01 00:00:00.000000177,9.5616,10.615,10.8031,13.0297,9.7224,8.6263,10.1323,10.1511,10.173,9.4138,9.2529,9.1529,23.8573
1970-01-01 00:00:00.000000178,9.6127,10.7488,10.793,13.031,9.7036,8.6192,10.1328,10.1517,10.1742,9.4677,9.2794,9.1429,23.0889
1970-01-01 00:00:00.000000179,9.8921,10.6553,10.7935,13.065,9.7608,8.6199,10.1335,10.1533,10.1762,9.5666,9.2819,8.9474,23.1354
1970-01-01 00:00:00.000000180,9.6541,10.5053,10.8929,13.1672,9.7478,8.7377,10.1352,10.1534,10.1791,9.636,9.2659,9.0103,22.7688
1970-01-01 00:00:00.000000181,9.4734,10.5578,10.9253,13.2045,9.7398,8.5698,10.1358,10.1541,10.1799,9.6646,9.214,8.9083,22.7377
1970-01-01 00:00:00.000000182,9.5678,10.5999,10.986,13.3659,9.6989,8.5795,10.1364,10.1545,10.1798,9.7216,9.2087,8.9438,23.302
1970-01-01 00:00:00.000000183,9.7063,10.6919,11.1091,13.3279,9.6003,8.8245,10.1369,10.155,10.1838,9.6506,9.2292,8.997,23.6795
1970-01-01 00:00:00.000000184,9.7883,10.7099,11.1585,13.4693,9.5653,8.7526,10.1375,10.1564,10.1878,9.662,9.2405,9.1198,22.7107
1970-01-01 00:00:00.000000185,9.9442,10.7054,11.2458,13.5054,9.6783,8.5979,10.1393,10.1569,10.1878,9.5153,9.3239,9.2227,22.5673
1970-01-01 00:00:00.000000186,9.976,10.7181,11.2778,13.5162,9.7171,8.578,10.1399,10.1572,10.1836,9.3869,9.3644,9.2237,22.5756
1970-01-01 00:00:00.000000187,10.0233,10.8324,11.2128,13.6031,9.7704,8.6701,10.1405,10.1576,10.1867,9.4147,9.3967,9.1499,23.0044
1970-01-01 00:00:00.000000188,10.0843,10.7672,11.1374,13.5102,9.7579,8.6452,10.1411,10.1578,10.1928,9.4342,9.1838,9.226,22.8316
1970-01-01 00:00:00.000000189,9.9469,10.441,11.1593,13.569,9.8314,8.8469,10.142,10.1588,10.1956,9.4883,9.391,9.1593,23.0365
1970-01-01 00:00:00.000000190,10.0641,10.4584,11.2236,13.66,9.8593,8.9595,10.1435,10.1594,10.204,9.5334,9.2669,9.1235,23.4903
1970-01-01 00:00:00.000000191,10.1172,10.3545,11.2123,13.7361,9.8867,9.0042,10.144,10.1594,10.2094,9.5092,9.3205,9.0446,24.0806
1970-01-01 00:00:00.000000192,10.3199,10.1302,11.3108,13.8344,9.8946,8.9911,10.1446,10.1599,10.2125,9.5756,9.4238,9.0968,24.0727
1970-01-01 00:00:00.000000193,10.2197,10.0137,11.4017,13.8669,9.9399,8.9074,10.1452,10.1604,10.2116,9.5605,9.3877,9.1645,23.941
1970-01-01 00:00:00.000000194,9.8904,9.9906,11.4987,13.8657,9.7703,8.9526,10.1458,10.1611,10.2189,9.4998,9.3909,9.0448,23.7521
1970-01-01 00:00:00.000000195,9.992,10.0815,11.4927,13.9535,9.7312,8.9447,10.1475,10.1614,10.2231,9.5161,9.4379,9.1478,24.2011
1970-01-01 00:00:00.000000196,9.8603,9.8797,11.5701,13.91,9.8092,9.022,10.148,10.1616,10.2228,9.3742,9.5001,9.1433,23.8649
1970-01-01 00:00:00.000000197,9.8089,9.9418,11.698,13.8958,9.7684,9.0963,10.1486,10.1624,10.2167,9.3903,9.536,9.217,24.0951
1970-01-01 00:00:00.000000198,9.971,9.7683,11.8299,13.9392,9.7898,8.9334,10.1492,10.163,10.2135,9.3544,9.4955,9.3077,23.8229
1970-01-01 00:00:00.000000199,9.9497,9.7615,11.8705,13.8612,9.8655,8.6804,10.1497,10.1642,10.2124,9.4215,9.3705,9.2646,23.2671
1970-01-01 00:00:00.000000200,10.1056,9.8061,11.9305,14.0143,9.9756,8.8677,10.1514,10.1649,10.2158,9.3804,9.4268,9.2372,22.582
1970-01-01 00:00:00.000000201,10.1029,9.6701,11.8211,13.805,9.9972,9.1386,10.152,10.1653,10.2189,9.4489,9.4031,9.5871,21.6992
1970-01-01 00:00:00.000000202,9.5232,9.6667,11.6857,14.125,10.0514,9.1615,10.1525,10.166,10.22,9.4774,9.1954,9.5645,21.6502
1970-01-01 00:00:00.000000203,8.9439,9.8619,11.8114,14.3564,10.0225,9.2445,10.1531,10.1666,10.2184,9.4949,9.2703,9.5497,21.9656
1970-01-01 00:00:00.000000204,8.8831,9.7806,11.796,14.2958,10.0663,9.2433,10.1537,10.1677,10.2201,9.438,9.2413,9.5121,21.2121
1970-01-01 00:00:00.000000205,9.0314,9.8546,11.6093,14.3292,10.0484,9.1796,10.1555,10.1682,10.2202,9.4153,9.2145,9.6163,21.2512
1970-01-01 00:00:00.000000206,8.7861,9.7852,11.4307,14.3879,10.0824,9.1822,10.1561,10.1689,10.223,9.4452,9.2904,9.6191,21.2454
1970-01-01 00:00:00.000000207,8.7355,9.7851,11.2857,14.2289,10.0663,9.3657,10.1568,10.1692,10.2272,9.4704,9.1869,9.665,21.8065
1970-01-01 00:00:00.000000208,8.7621,9.9936,11.2457,14.4119,10.1076,9.2708,10.1575,10.1701,10.2297,9.4807,9.1838,9.67,21.7828
1970-01-01 00:00:00.000000209,8.6182,10.0379,11.0946,14.6677,10.1048,9.4301,10.1581,10.171,10.2271,9.472,9.2646,9.6582,22.0012
1970-01-01 00:00:00.000000210,8.27,9.8828,10.9854,14.813,10.1047,9.4371,10.1601,10.1713,10.2309,9.4284,9.086,9.5788,22.7246
1970-01-01 00:00:00.000000211,8.5727,9.8718,11.1146,14.7625,10.1676,9.4321,10.1607,10.171,10.2327,9.432,8.9934,9.6182,22.6265
1970-01-01 00:00:00.000000212,8.8449,9.8118,11.1892,14.8261,10.1457,9.5832,10.1613,10.171,10.2337,9.483,8.9997,9.5839,22.1441
1970-01-01 00:00:00.000000213,8.7347,9.6024,11.3081,14.693,10.147,9.7423,10.162,10.1715,10.2355,9.4925,8.8329,9.6775,22.1348
1970-01-01 00:00:00.000000214,8.8629,9.3986,11.4923,14.3936,10.1802,9.8291,10.1627,10.1729,10.2384,9.5612,8.7909,9.6601,21.9469
1970-01-01 00:00:00.000000215,9.0496,9.4052,11.4973,14.3924,10.2123,9.8639,10.1645,10.1733,10.2399,9.6252,8.873,9.5501,22.1889
1970-01-01 00:00:00.000000216,9.1044,9.448,11.4587,14.1944,10.2046,9.853,10.1651,10.1735,10.2444,9.5694,8.7937,9.626,22.1873
1970-01-01 00:00:00.000000217,9.0335,9.3614,11.3821,14.4771,10.1122,9.8891,10.1658,10.1735,10.2446,9.5556,8.8692,9.649,22.2417
1970-01-01 00:00:00.000000218,9.1751,9.5473,11.4927,14.656,10.2326,9.6859,10.1665,10.1754,10.2417,9.5265,8.8155,9.6899,22.3299
1970-01-01 00:00:00.000000219,9.0371,9.5496,11.4388,14.677,10.0021,9.5892,10.1671,10.1755,10.2432,9.5763,8.6968,9.6645,22.6854
1970-01-01 00:00:00.000000220,9.0625,9.7429,11.5232,14.7293,9.9928,9.4052,10.1691,10.1755,10.2419,9.5676,8.6198,9.6945,22.6626
1970-01-01 00:00:00.000000221,8.6995,9.8972,11.534,14.8174,9.9329,9.804,10.1697,10.1765,10.2442,9.5547,8.6032,9.6976,22.3926
1970-01-01 00:00:00.000000222,8.6431,9.8741,11.4561,14.8928,9.7204,9.7794,10.17,10.1783,10.2473,9.5501,8.4483,9.7608,22.1914
1970-01-01 00:00:00.000000223,8.7269,9.9126,11.3019,14.9462,9.7943,9.7228,10.1707,10.1795,10.2528,9.5726,8.3763,9.6962,22.0149
1970-01-01 00:00:00.000000224,9.0863,9.909,11.2144,14.9695,9.863,9.8189,10.1713,10.1803,10.2559,9.5246,8.3596,9.695,22.469
1970-01-01 00:00:00.000000225,9.2658,9.8992,11.2255,15.1192,9.9255,9.7547,10.174,10.1807,10.2586,9.6109,8.3069,9.8255,22.2665
1970-01-01 00:00:00.000000226,9.3276,10.015,11.3402,15.2613,9.8492,9.7544,10.1746,10.1819,10.2603,9.5333,8.0755,9.6837,22.901
1970-01-01 00:00:00.000000227,9.5675,9.9851,11.33,15.0954,9.8143,9.7581,10.1753,10.1828,10.2694,9.4966,8.1766,9.4766,23.0561
1970-01-01 00:00:00.000000228,9.3794,9.9158,11.3343,14.9924,9.8284,9.6334,10.1763,10.1829,10.2671,9.4697,8.4043,9.5976,23.32
1970-01-01 00:00:00.000000229,9.3735,10.0903,11.4045,15.0736,9.7129,9.7329,10.1782,10.1827,10.2596,9.5101,8.4281,9.5068,23.0893
1970-01-01 00:00:00.000000230,9.4842,10.092,11.4854,14.6955,9.7391,9.5758,10.1789,10.183,10.2549,9.5069,8.7902,9.4912,23.1052
1970-01-01 00:00:00.000000231,9.6137,10.11,11.4704,14.608,9.7219,9.6845,10.1792,10.1831,10.2596,9.4944,8.9034,9.6645,22.8079
1970-01-01 00:00:00.000000232,9.6736,10.133,11.3973,14.6168,9.6302,9.7871,10.1799,10.1838,10.2556,9.5132,8.8958,9.7364,23.448
1970-01-01 00:00:00.000000233,9.8535,10.0863,11.3159,14.2234,9.5846,9.9745,10.1806,10.1843,10.2561,9.5203,8.953,9.7668,24.0161
1970-01-01 00:00:00.000000234,9.7778,10.0279,11.2961,14.5382,9.6491,9.976,10.1826,10.1845,10.2595,9.4638,8.9311,9.7034,23.8545
1970-01-01 00:00:00.000000235,9.6288,10.041,11.1965,14.3392,9.7112,10.0249,10.1833,10.1844,10.2613,9.4749,8.8751,9.5512,24.249
1970-01-01 00:00:00.000000236,9.4767,10.0291,11.2545,13.9965,9.752,10.0638,10.184,10.1847,10.2613,9.5321,8.9275,9.3183,24.214
1970-01-01 00:00:00.000000237,9.6786,10.1672,11.3123,13.6123,9.8769,10.0802,10.1847,10.186,10.2652,9.569,8.836,9.3829,24.1523
1970-01-01 00:00:00.000000238,9.6746,10.1729,11.1995,13.6161,9.9761,10.0185,10.1855,10.1865,10.2668,9.567,8.8457,9.1949,24.1193
1970-01-01 00:00:00.000000239,9.6459,10.142,11.0321,13.1726,9.9188,10.1881,10.1876,10.1872,10.2727,9.6171,8.6968,9.2273,23.9951
1970-01-01 00:00:00.000000240,9.5094,10.1547,11.1139,13.5766,9.9312,9.9596,10.1888,10.1877,10.2751,9.7433,8.7605,9.3169,24.524
1970-01-01 00:00:00.000000241,9.2032,10.2149,11.0895,13.5293,9.8746,10.1744,10.1895,10.1881,10.2782,9.6469,8.77,9.4847,24.5157
1970-01-01 00:00:00.000000242,9.0737,10.2298,10.9185,13.9575,9.9027,10.1514,10.1903,10.1893,10.2736,9.6264,8.8433,9.3875,25.049
1970-01-01 00:00:00.000000243,8.818,10.2355,11.0279,13.8607,10.0281,10.1795,10.1911,10.1897,10.2732,9.6385,8.7066,9.4529,25.0969
1970-01-01 00:00:00.000000244,8.8887,10.2434,11.026,13.9212,10.094,10.2378,10.1933,10.19,10.2744,9.6018,8.7631,9.5877,24.9
1970-01-01 00:00:00.000000245,8.7058,10.2443,11.0234,13.9719,10.1906,10.3734,10.194,10.1907,10.274,9.6135,8.6278,9.6577,24.9779
1970-01-01 00:00:00.000000246,8.6662,10.2506,11.0196,13.6167,10.1758,10.3702,10.1948,10.191,10.2758,9.6327,8.5172,9.7397,24.6346
1970-01-01 00:00:00.000000247,8.5413,10.2406,10.9063,13.6527,10.1789,10.3793,10.1955,10.1922,10.2754,9.6435,8.5667,9.7071,24.0994
1970-01-01 00:00:00.000000248,8.7487,10.2517,11.0173,13.7492,10.0961,10.1501,10.1963,10.1928,10.2708,9.6488,8.6368,9.7241,24.0377
1970-01-01 00:00:00.000000249,8.8883,10.371,10.7647,13.6072,10.0751,10.2917,10.1987,10.1934,10.2757,9.6398,8.4922,9.8066,24.1115
1970-01-01 00:00:00.000000250,9.3824,10.4312,10.8172,13.3545,10.1216,10.1982,10.1994,10.1937,10.279,9.6612,8.5031,9.7986,24.4555
1970-01-01 00:00:00.000000251,9.3676,10.4026,10.8025,13.3499,10.174,10.3422,10.2003,10.1955,10.2783,9.6808,8.5919,9.8628,23.5884
1970-01-01 00:00:00.000000252,9.2474,10.4267,10.8726,13.5812,10.2594,10.4317,10.2011,10.1957,10.2821,9.6781,8.5689,9.6495,23.4442
1970-01-01 00:00:00.000000253,9.2707,10.4445,10.7839,13.4949,10.2814,10.4378,10.2021,10.1966,10.2841,9.7392,8.4982,9.6336,23.1599
1970-01-01 00:00:00.000000254,9.2644,10.3383,10.918,13.4983,10.3333,10.5357,10.2051,10.1971,10.2867,9.6712,8.6041,9.5369,22.9745
1970-01-01 00:00:00.000000255,9.0822,10.342,10.9298,13.6982,10.2854,10.547,10.2058,10.1984,10.2905,9.6853,8.6414,9.4567,23.0599
1970-01-01 00:00:00.000000256,9.0777,10.3444,10.8149,14.0529,10.2323,10.557,10.2066,10.1991,10.2895,9.6937,8.5857,9.5155,22.7961
1970-01-01 00:00:00.000000257,8.606,10.3057,10.7549,14.2887,10.2393,10.537,10.2074,10.1999,10.2888,9.6745,8.6071,9.493,22.7879
1970-01-01 00:00:00.000000258,8.2964,10.3446,10.7073,14.4527,10.2796,10.5445,10.2105,10.2003,10.2856,9.6732,8.5508,9.5039,22.689
1970-01-01 00:00:00.000000259,8.1606,10.5058,10.579,14.4661,10.295,10.6423,10.2113,10.2007,10.2887,9.6454,8.538,9.3923,23.1189
1970-01-01 00:00:00.000000260,8.3667,10.5312,10.627,14.4196,10.3132,10.6261,10.212,10.2017,10.2876,9.6616,8.6576,9.2742,23.2675
1970-01-01 00:00:00.000000261,8.1816,10.5021,10.7287,14.5679,10.3469,10.6825,10.2127,10.2029,10.2898,9.6845,8.6529,9.0511,23.6453
1970-01-01 00:00:00.000000262,8.4037,10.433,10.7421,14.4092,10.2992,10.7161,10.2148,10.2027,10.2901,9.6865,8.6591,9.1569,23.904
1970-01-01 00:00:00.000000263,8.4662,10.3904,10.587,14.2136,10.3227,10.7269,10.2156,10.2036,10.2918,9.59,8.5506,9.1245,22.8301
1970-01-01 00:00:00.000000264,8.3647,10.4129,10.4242,14.2627,10.2794,10.6689,10.2163,10.2038,10.292,9.5415,8.5553,9.25,22.9371
1970-01-01 00:00:00.000000265,8.4939,10.4239,10.4016,14.2225,10.3203,10.6989,10.2169,10.2048,10.2919,9.5897,8.5404,9.4533,22.6695
1970-01-01 00:00:00.000000266,8.5043,10.4422,10.3881,14.4599,10.3614,10.815,10.2177,10.2056,10.2899,9.6106,8.7845,9.5809,22.4973
1970-01-01 00:00:00.000000267,8.4883,10.3476,10.39,14.614,10.395,10.797,10.2199,10.2073,10.2887,9.5836,8.8391,9.7346,22.6741
1970-01-01 00:00:00.000000268,8.2083,10.3139,10.4267,14.5482,10.3183,10.8393,10.2208,10.2083,10.2892,9.6445,8.8531,9.6807,22.3973
1970-01-01 00:00:00.000000269,8.3436,10.2815,10.5514,14.5102,10.3539,10.9002,10.2216,10.2104,10.2904,9.5955,8.8762,9.787,22.0027
1970-01-01 00:00:00.000000270,8.4548,10.2704,10.621,14.4676,10.294,10.8717,10.2224,10.2108,10.2925,9.5963,8.9271,9.8622,21.8085
1970-01-01 00:00:00.000000271,8.79,10.3686,10.5982,14.2339,10.1954,10.8696,10.223,10.2116,10.2952,9.599,8.7781,10.0158,21.4255
1970-01-01 00:00:00.000000272,8.8216,10.5054,10.3643,13.742,10.2021,10.9493,10.2263,10.2122,10.2983,9.5984,8.8152,9.9088,21.197
1970-01-01 00:00:00.000000273,8.7591,10.4341,10.4336,13.722,10.0413,11.0144,10.2271,10.2115,10.2979,9.5833,8.8899,10.0302,21.1418
1970-01-01 00:00:00.000000274,8.8288,10.447,10.3011,13.8274,9.7709,11.0058,10.2279,10.2126,10.2992,9.6013,8.8902,10.0943,21.5837
1970-01-01 00:00:00.000000275,9.0011,10.4007,10.1962,13.5149,9.8453,10.4804,10.2286,10.2132,10.2998,9.6464,8.8006,10.0935,21.1006
1970-01-01 00:00:00.000000276,9.017,10.3871,10.1664,13.5152,9.8883,10.5523,10.231,10.2133,10.3013,9.6572,8.8424,9.9865,20.734
1970-01-01 00:00:00.000000277,9.0979,10.3991,10.268,13.1901,10.0597,10.6842,10.2326,10.2134,10.2995,9.6866,8.7702,10.0247,21.3063
1970-01-01 00:00:00.000000278,9.0452,10.4203,10.1977,13.115,9.9967,10.507,10.2335,10.2137,10.2994,9.7151,8.7197,9.9785,21.9712
1970-01-01 00:00:00.000000279,9.0678,10.3946,10.1984,13.4203,9.9824,10.6304,10.2343,10.2138,10.299,9.744,8.6602,9.9418,21.902
1970-01-01 00:00:00.000000280,9.0326,10.4194,10.2223,13.3728,9.7652,10.7257,10.2351,10.214,10.2998,9.7527,8.6378,9.9892,21.6707
1970-01-01 00:00:00.000000281,9.0826,10.6003,10.2115,13.3928,9.7639,10.7241,10.2371,10.2146,10.3024,9.7761,8.7118,9.9792,21.0343
1970-01-01 00:00:00.000000282,8.9631,10.6344,10.0135,13.425,9.8786,10.5456,10.2381,10.2155,10.3043,9.7727,8.677,9.9797,20.8657
1970-01-01 00:00:00.000000283,8.9596,10.6385,10.0202,13.6506,9.9714,10.5785,10.239,10.2156,10.3049,9.7803,8.732,9.9743,20.711
1970-01-01 00:00:00.000000284,9.0351,10.6981,10.0738,13.6111,9.9368,10.3571,10.24,10.2164,10.3063,9.8136,8.6607,9.8332,20.6325
1970-01-01 00:00:00.000000285,8.9502,10.7121,10.2071,13.808,10.0031,10.4322,10.2409,10.2171,10.3067,9.7998,8.8074,9.9708,21.2737
1970-01-01 00:00:00.000000286,9.3025,10.7073,10.11,13.866,9.9534,10.5428,10.2436,10.217,10.3109,9.8291,8.8933,9.9001,21.5252
1970-01-01 00:00:00.000000287,9.4077,10.7087,10.1166,13.9387,9.8158,10.3336,10.2445,10.2178,10.3112,9.8795,8.8858,9.9942,21.3733
1970-01-01 00:00:00.000000288,9.518,10.7372,10.1043,13.975,9.8269,10.3595,10.2453,10.218,10.3123,9.9117,8.9463,10.0603,21.1864
1970-01-01 00:00:00.000000289,9.3781,10.7093,9.993,13.9993,9.8547,10.6378,10.2462,10.2185,10.3149,9.8537,8.9452,9.9838,21.7421
1970-01-01 00:00:00.000000290,9.3475,10.6946,10.012,13.9979,9.8691,10.6912,10.2471,10.219,10.3201,9.8959,8.9488,9.9491,22.4034
1970-01-01 00:00:00.000000291,9.384,10.714,10.0144,14.0496,9.9715,10.7101,10.2494,10.2197,10.3255,9.936,8.9738,9.9347,22.2001
1970-01-01 00:00:00.000000292,9.505,10.7489,9.981,14.0903,9.9988,10.7725,10.2504,10.2204,10.3267,9.9726,9.0654,10.0578,22.0758
1970-01-01 00:00:00.000000293,9.3767,10.702,9.8939,14.0379,9.9267,10.7078,10.2513,10.2205,10.3258,9.9913,9.0649,10.1095,22.6189
1970-01-01 00:00:00.000000294,9.387,10.5988,9.7646,14.1763,10.0496,10.7944,10.252,10.2209,10.3331,10.0251,9.151,10.167,22.4584
1970-01-01 00:00:00.000000295,9.1965,10.4715,9.6514,14.2467,10.1801,10.8312,10.253,10.2216,10.336,10.0024,9.2608,10.0153,22.3661
1970-01-01 00:00:00.000000296,9.0917,10.4179,9.5641,14.363,10.1955,10.8227,10.2555,10.222,10.3369,10.0033,9.2488,9.8868,21.7891
1970-01-01 00:00:00.000000297,9.0822,10.428,9.6556,14.2813,10.1443,10.9106,10.2564,10.2225,10.3404,9.9456,9.2925,9.9239,21.5662
1970-01-01 00:00:00.000000298,8.9875,10.403,9.5247,14.2203,10.0736,10.9885,10.2574,10.223,10.3453,9.8465,9.2893,9.9387,21.868
1970-01-01 00:00:00.000000299,9.0022,10.391,9.628,14.4163,10.1491,11.0894,10.2585,10.2229,10.3451,9.8587,9.2451,9.9968,22.0629
1970-01-01 00:00:00.000000300,8.8885,10.5202,9.5064,14.3515,10.2082,11.1961,10.2594,10.2238,10.3484,9.8444,9.2632,9.9951,22.1746
1970-01-01 00:00:00.000000301,8.8988,10.5412,9.5075,14.3333,10.2209,10.9821,10.2628,10.2243,10.3525,9.8735,9.284,9.9959,21.7118
1970-01-01 00:00:00.000000302,8.8698,10.5384,9.3791,14.465,10.1646,11.0868,10.2637,10.2248,10.3519,9.9069,9.4036,10.0462,22.8852
1970-01-01 00:00:00.000000303,8.8213,10.5333,9.3557,14.5306,10.2125,11.069,10.2645,10.2238,10.3496,9.8932,9.3503,10.1234,23.0443
1970-01-01 00:00:00.000000304,8.8703,10.2734,9.5427,14.66,10.1981,10.9544,10.2654,10.2266,10.3521,9.8615,9.4427,9.933,22.845
1970-01-01 00:00:00.000000305,9.0617,10.0975,9.4522,14.6651,10.2114,10.9795,10.2681,10.2271,10.3537,9.8562,9.4201,10.0052,23.0206
1970-01-01 00:00:00.000000306,9.1115,10.2756,9.4736,14.8441,10.1825,10.8734,10.2691,10.2271,10.3544,9.8572,9.4749,9.9861,22.8633
1970-01-01 00:00:00.000000307,9.159,10.4494,9.457,14.901,10.1457,10.7481,10.27,10.2275,10.3575,9.9133,9.4021,9.9258,22.7918
1970-01-01 00:00:00.000000308,9.0459,10.5725,9.5361,14.8143,10.09,10.7551,10.271,10.2278,10.3605,9.832,9.3058,9.9887,22.8919
1970-01-01 00:00:00.000000309,8.9357,10.5919,9.581,14.771,10.0827,10.4595,10.2717,10.228,10.3613,9.8474,9.3836,9.8999,22.8092
1970-01-01 00:00:00.000000310,9.0395,10.5621,9.7388,14.8733,10.0822,10.4872,10.2745,10.2285,10.3586,9.8618,9.4374,9.9108,23.1012
1970-01-01 00:00:00.000000311,8.903,10.5418,9.7395,14.9839,10.0327,10.2911,10.2754,10.2293,10.3562,9.8639,9.4785,9.9517,23.2363
1970-01-01 00:00:00.000000312,8.9576,10.5724,9.6435,14.9239,10.0515,10.4771,10.2764,10.2298,10.3595,9.8664,9.4814,9.992,23.2197
1970-01-01 00:00:00.000000313,8.8492,10.6893,9.6458,14.7446,9.9893,10.5894,10.2774,10.2302,10.3605,9.8723,9.4121,10.0088,23.2101
1970-01-01 00:00:00.000000314,8.682,10.7532,9.7136,14.8815,9.8135,10.8289,10.2783,10.2303,10.3629,9.9023,9.5261,10.0099,22.8515
1970-01-01 00:00:00.000000315,8.4661,10.7953,9.6747,14.9133,9.8808,11.1222,10.281,10.2306,10.3587,9.9241,9.4674,10.0914,22.8144
1970-01-01 00:00:00.000000316,8.5886,10.8126,9.6898,14.8903,9.9897,11.0655,10.282,10.2314,10.3602,9.8943,9.4145,10.2342,23.4727
1970-01-01 00:00:00.000000317,8.6077,10.8434,9.6313,14.7987,9.9745,11.1773,10.2828,10.2318,10.3607,9.881,9.3992,10.1757,23.4464
1970-01-01 00:00:00.000000318,8.5231,10.8055,9.5446,14.636,9.8569,10.8886,10.2838,10.232,10.3608,9.7803,9.2385,10.1493,23.4091
1970-01-01 00:00:00.000000319,8.4931,10.9149,9.6598,14.502,9.9243,10.9851,10.2847,10.232,10.3583,9.7879,9.2759,10.1486,22.7068
1970-01-01 00:00:00.000000320,8.2868,10.8453,9.6358,14.4485,9.972,11.0351,10.2876,10.2322,10.3595,9.7752,9.2619,10.2005,22.6639
1970-01-01 00:00:00.000000321,8.1958,10.8712,9.7116,14.5212,10.0859,11.0326,10.2885,10.2326,10.3623,9.8077,9.314,9.9978,22.8224
1970-01-01 00:00:00.000000322,8.164,10.8839,9.7631,14.684,10.1719,11.0993,10.2895,10.2333,10.3639,9.7246,9.3823,10.03,22.6696
1970-01-01 00:00:00.000000323,8.1455,10.9116,9.7541,14.9057,10.1548,11.0813,10.2906,10.2338,10.3615,9.7092,9.3654,9.9748,23.1179
1970-01-01 00:00:00.000000324,8.133,10.8985,9.7893,15.1671,10.1675,11.1184,10.2914,10.2343,10.3639,9.7192,9.3952,10.1339,22.9834
1970-01-01 00:00:00.000000325,8.0793,10.9082,9.7825,14.9006,10.1263,11.0778,10.2934,10.2344,10.365,9.658,9.3881,10.1749,22.4687
1970-01-01 00:00:00.000000326,7.8814,10.9121,9.5783,15.0888,10.1443,11.1011,10.2944,10.2347,10.3645,9.6243,9.3669,10.1861,22.2141
1970-01-01 00:00:00.000000327,7.9806,10.9136,9.6613,14.9446,10.0961,11.1431,10.2954,10.2347,10.3653,9.6497,9.3363,10.2018,22.0329
1970-01-01 00:00:00.000000328,8.1131,10.8563,9.6201,15.0708,10.1709,11.1884,10.2964,10.2347,10.3677,9.6531,9.2738,10.2747,22.0527
1970-01-01 00:00:00.000000329,8.0439,10.8461,9.6644,15.2364,10.2106,11.2334,10.2974,10.2351,10.3689,9.659,9.2861,10.2883,22.3305
1970-01-01 00:00:00.000000330,7.8747,10.8989,9.624,15.3088,10.2787,11.233,10.301,10.2353,10.3723,9.6435,9.2853,10.3168,22.0516
1970-01-01 00:00:00.000000331,7.9075,10.9125,9.5579,15.2201,10.2646,11.3465,10.3015,10.2361,10.3716,9.5533,9.281,10.3673,22.1529
1970-01-01 00:00:00.000000332,7.9228,10.8757,9.2753,15.2127,10.3188,11.3362,10.3022,10.2366,10.3733,9.5451,9.2773,10.403,22.1451
1970-01-01 00:00:00.000000333,8.0251,10.8961,9.2148,15.0988,10.2966,11.397,10.3032,10.2365,10.3765,9.6592,9.2147,10.42,22.06
1970-01-01 00:00:00.000000334,7.804,10.8882,9.0768,15.0363,10.4409,11.3803,10.303,10.2366,10.3764,9.6932,9.2447,10.454,21.8144
1970-01-01 00:00:00.000000335,7.528,10.9324,9.1031,15.0788,10.4273,11.4439,10.3057,10.2382,10.3755,9.6458,9.3158,10.3979,22.1552
1970-01-01 00:00:00.000000336,7.4853,10.9,9.0642,14.9652,10.4231,11.4866,10.3067,10.2382,10.3755,9.6065,9.2487,10.3409,22.1113
1970-01-01 00:00:00.000000337,7.5088,10.8307,9.1187,14.791,10.4445,11.4951,10.3077,10.2394,10.3763,9.6371,9.3683,10.3861,22.0093
1970-01-01 00:00:00.000000338,7.4565,10.8189,9.1848,14.7413,10.4443,11.5548,10.3096,10.2401,10.3775,9.6956,9.46,10.4226,22.152
1970-01-01 00:00:00.000000339,7.6798,10.8284,9.222,14.7296,10.4227,11.5385,10.3125,10.2406,10.3791,9.7025,9.4881,10.5,21.9227
1970-01-01 00:00:00.000000340,7.4861,10.8226,9.1428,14.8707,10.4638,11.4941,10.3135,10.2411,10.3802,9.6335,9.5541,10.5485,22.3735
1970-01-01 00:00:00.000000341,7.4804,10.8268,9.1864,15.1453,10.4552,11.5731,10.3146,10.2411,10.3852,9.7107,9.5508,10.4723,22.3363
1970-01-01 00:00:00.000000342,7.4446,10.8476,9.3419,15.2117,10.4473,11.674,10.3196,10.242,10.3847,9.7097,9.63,10.3796,22.4732
1970-01-01 00:00:00.000000343,7.424,10.7695,9.3423,15.2575,10.5296,11.6562,10.3207,10.2424,10.3848,9.6934,9.6192,10.3549,22.7156
1970-01-01 00:00:00.000000344,7.2736,10.7247,9.3267,15.1828,10.542,11.4951,10.3227,10.2435,10.3886,9.6726,9.6173,10.3075,22.7933
1970-01-01 00:00:00.000000345,7.2599,10.7424,9.1579,15.3411,10.5882,11.5928,10.3237,10.2433,10.3891,9.5541,9.4676,10.1834,22.8586
1970-01-01 00:00:00.000000346,7.4269,10.7491,9.2351,15.3795,10.5453,11.6439,10.3269,10.2447,10.3901,9.5951,9.5302,10.2208,22.8545
1970-01-01 00:00:00.000000347,7.4526,10.7449,9.1752,15.429,10.5169,11.6397,10.328,10.2451,10.3931,9.6734,9.5275,10.1924,22.8166
1970-01-01 00:00:00.000000348,7.505,10.7283,9.0714,15.4363,10.5162,11.6389,10.3291,10.2454,10.3957,9.6311,9.5814,10.2298,22.4896
1970-01-01 00:00:00.000000349,7.4927,10.7734,8.9415,15.5516,10.6126,11.6396,10.3302,10.2464,10.3985,9.6098,9.5925,10.2718,22.3443
1970-01-01 00:00:00.000000350,7.4283,10.8432,8.9495,15.5701,10.6321,11.7078,10.3313,10.2469,10.3981,9.6204,9.601,10.3379,22.7001
1970-01-01 00:00:00.000000351,7.2572,10.8579,9.0061,15.3836,10.6673,11.7344,10.3356,10.2473,10.3965,9.5905,9.4459,10.4456,22.9358
1970-01-01 00:00:00.000000352,7.2024,10.9116,8.9078,15.3618,10.6302,11.7574,10.3367,10.2473,10.3962,9.6462,9.5497,10.5644,22.9206
1970-01-01 00:00:00.000000353,6.8087,10.9167,8.8564,15.322,10.5332,11.7026,10.3378,10.2474,10.3989,9.7045,9.5239,10.6121,22.9183
1970-01-01 00:00:00.000000354,6.7829,10.8729,8.8921,15.2799,10.4908,11.7464,10.3423,10.2476,10.4,9.7532,9.5938,10.6231,23.1424
1970-01-01 00:00:00.000000355,6.8826,10.6515,8.9889,15.3005,10.5381,11.9222,10.3435,10.2483,10.4008,9.7196,9.5915,10.5437,23.1986
1970-01-01 00:00:00.000000356,6.7961,10.7462,9.0308,15.3646,10.6276,12.0319,10.3447,10.2487,10.401,9.7528,9.6294,10.469,22.9237
1970-01-01 00:00:00.000000357,6.5435,10.6395,8.9382,15.4077,10.5983,11.9599,10.3458,10.2491,10.4006,9.8145,9.6513,10.5116,23.2295
1970-01-01 00:00:00.000000358,6.3143,10.634,8.9999,15.2913,10.6317,11.9962,10.3505,10.2495,10.4022,9.8072,9.5777,10.5022,23.4519
1970-01-01 00:00:00.000000359,6.2054,10.7647,9.0836,15.0181,10.6962,12.0196,10.3516,10.2496,10.4007,9.6699,9.5288,10.4455,23.7608
1970-01-01 00:00:00.000000360,6.4395,10.7014,9.1432,15.0735,10.7588,12.0973,10.3528,10.2498,10.4008,9.6715,9.6938,10.4615,23.5396
1970-01-01 00:00:00.000000361,6.4537,10.7536,9.2391,15.1796,10.8532,11.9833,10.3539,10.2499,10.4011,9.6404,9.7774,10.6006,23.4192
1970-01-01 00:00:00.000000362,6.6064,10.751,9.2079,15.3065,10.853,11.984,10.3551,10.25,10.4003,9.6511,9.718,10.5751,23.7111
1970-01-01 00:00:00.000000363,6.5657,10.86,9.1893,15.2043,10.8589,12.0008,10.3585,10.2504,10.4002,9.6818,9.6954,10.6031,23.4536
1970-01-01 00:00:00.000000364,6.6242,10.9457,9.22,14.7153,10.8914,12.1322,10.3596,10.2506,10.3991,9.7329,9.6739,10.5272,23.2618
1970-01-01 00:00:00.000000365,6.6968,10.9022,9.2873,14.5561,10.9312,12.2198,10.3608,10.2511,10.3961,9.7472,9.6924,10.6598,23.3107
1970-01-01 00:00:00.000000366,6.7639,10.8026,9.2665,14.5664,10.9496,12.202,10.3619,10.2516,10.394,9.6835,9.684,10.6587,23.5725
1970-01-01 00:00:00.000000367,6.7614,10.8748,9.2508,14.6477,11.0277,12.2102,10.3631,10.252,10.3926,9.7162,9.6548,10.6925,23.5563
1970-01-01 00:00:00.000000368,6.8068,10.8943,9.1628,14.2862,10.9494,12.1832,10.3665,10.2524,10.3888,9.6772,9.7237,10.7775,23.6411
1970-01-01 00:00:00.000000369,6.7915,10.8548,9.1718,14.4335,11.0726,11.8782,10.3676,10.2528,10.3887,9.6747,9.7562,10.7692,23.3295
1970-01-01 00:00:00.000000370,6.7397,10.8756,8.9757,14.5188,11.0192,11.889,10.3688,10.2533,10.389,9.6774,9.7125,10.7356,23.2748
1970-01-01 00:00:00.000000371,6.9559,10.8749,8.9651,14.7106,11.0238,11.8141,10.3698,10.2537,10.3895,9.6861,9.7497,10.727,23.2629
1970-01-01 00:00:00.000000372,7.0856,10.8604,9.0333,14.5893,11.0213,11.8051,10.3709,10.2538,10.384,9.6991,9.8917,10.9704,22.816
1970-01-01 00:00:00.000000373,7.1922,10.8849,9.0443,14.4912,11.0503,12.0379,10.3742,10.2544,10.3831,9.7698,9.9184,10.9851,22.7768
1970-01-01 00:00:00.000000374,7.0622,10.8964,8.967,14.9085,11.124,12.1023,10.3753,10.2546,10.3863,9.7745,10.0732,11.0714,22.8977
1970-01-01 00:00:00.000000375,7.0461,10.8365,8.7647,15.001,11.1156,12.1565,10.3764,10.2549,10.3857,9.7739,10.1929,11.0777,22.6616
1970-01-01 00:00:00.000000376,6.9553,10.8617,8.9133,15.12,11.1955,12.2645,10.3775,10.2548,10.38,9.7987,10.1879,11.0558,22.741
1970-01-01 00:00:00.000000377,7.073,10.7942,9.0013,15.2158,11.1971,12.3801,10.3786,10.2549,10.3714,9.8988,9.9921,11.1005,22.6642
1970-01-01 00:00:00.000000378,7.0818,10.8885,8.978,15.1535,11.2083,12.413,10.3833,10.2553,10.3733,9.7694,10.0804,11.1165,22.5597
1970-01-01 00:00:00.000000379,7.0376,10.8298,8.8509,15.2739,11.2551,12.4554,10.3844,10.2559,10.3803,9.7268,9.9701,11.0879,22.7365
1970-01-01 00:00:00.000000380,7.0652,10.7983,8.8362,15.1923,11.3306,12.4545,10.3855,10.2559,10.3816,9.7157,9.9477,11.1039,23.0876
1970-01-01 00:00:00.000000381,7.2205,10.7592,8.886,15.1953,11.2731,12.4443,10.3888,10.2563,10.3745,9.8379,9.9534,11.1981,22.7378
1970-01-01 00:00:00.000000382,7.2346,10.8308,8.6586,15.2913,11.2991,12.5513,10.39,10.2567,10.3717,9.9366,10.0544,11.1697,22.8027
1970-01-01 00:00:00.000000383,7.2303,10.8367,8.6658,15.2582,11.2648,12.4635,10.3911,10.2574,10.3668,9.9212,9.9238,10.9722,22.3805
1970-01-01 00:00:00.000000384,6.8916,10.8291,8.5995,15.3161,11.2236,12.3737,10.3923,10.2579,10.3669,9.8908,9.9777,11.034,22.0532
1970-01-01 00:00:00.000000385,6.7067,10.8701,8.599,15.3666,11.0065,12.4349,10.3934,10.2584,10.3538,10.0041,9.9589,11.139,21.9732
1970-01-01 00:00:00.000000386,6.7064,10.8324,8.6557,15.4745,11.0984,12.3351,10.3969,10.2591,10.3523,9.8777,10.0478,11.1403,22.3117
1970-01-01 00:00:00.000000387,6.6358,10.7906,8.7618,15.7579,11.1341,12.0736,10.398,10.2604,10.3521,10.0063,10.0478,10.9989,22.194
1970-01-01 00:00:00.000000388,6.6461,10.7556,8.8969,15.7766,11.0989,12.1568,10.3992,10.261,10.3459,9.8687,10.0844,10.8016,22.559
1970-01-01 00:00:00.000000389,6.4198,10.7603,9.0676,15.8632,10.9773,12.3236,10.4004,10.2613,10.3455,9.9367,10.0475,10.8385,22.2947
1970-01-01 00:00:00.000000390,6.6492,10.7599,9.1016,15.8908,11.0937,12.1899,10.4015,10.2617,10.3495,9.9251,10.0536,10.9608,22.4938
